﻿{"cameraMode":{"drawMode":0,"name":"Shaded","section":"Shading Mode"},"sceneLighting":false,"audioPlay":false,"sceneViewState":{"showFog":true,"showMaterialUpdate":true,"showSkybox":false,"showFlares":true,"showImageEffects":true,"showParticleSystems":true},"in2DMode":false,"pivot":{"x":4.150000095367432,"y":5.960464477539063e-8,"z":0.0},"rotation":{"x":0.03059680573642254,"y":0.005404818337410688,"z":0.00016419454186689109,"w":-0.9995216727256775},"size":1.8172252178192139,"orthographic":false}