﻿{"cameraMode":{"drawMode":0,"name":"Shaded","section":"Shading Mode"},"sceneLighting":false,"audioPlay":false,"sceneViewState":{"showFog":true,"showMaterialUpdate":true,"showSkybox":false,"showFlares":true,"showImageEffects":true,"showParticleSystems":true},"in2DMode":false,"pivot":{"x":21.690824508666993,"y":-6.84713077545166,"z":49.25635528564453},"rotation":{"x":-0.27881622314453127,"y":0.1442343294620514,"z":-0.04239625483751297,"w":-0.94851154088974},"size":0.556122362613678,"orthographic":false}