﻿{"cameraMode":{"drawMode":0,"name":"Shaded","section":"Shading Mode"},"sceneLighting":true,"audioPlay":false,"sceneViewState":{"showFog":true,"showMaterialUpdate":true,"showSkybox":true,"showFlares":true,"showImageEffects":true,"showParticleSystems":true},"in2DMode":false,"pivot":{"x":6.43780517578125,"y":-26.289325714111329,"z":66.53033447265625},"rotation":{"x":-0.39508622884750368,"y":0.08470331877470017,"z":-0.03661121800541878,"w":-0.914009153842926},"size":64.82978057861328,"orthographic":false}