﻿{"cameraMode":{"drawMode":0,"name":"Shaded","section":"Shading Mode"},"sceneLighting":false,"audioPlay":false,"sceneViewState":{"showFog":true,"showMaterialUpdate":true,"showSkybox":false,"showFlares":true,"showImageEffects":true,"showParticleSystems":true},"in2DMode":false,"pivot":{"x":26.469100952148439,"y":16.036518096923829,"z":-36.36932373046875},"rotation":{"x":0.27669990062713625,"y":-0.5278016328811646,"z":0.18699869513511659,"w":0.7809733152389526},"size":0.4136422276496887,"orthographic":false}